{
  "layer": 16,
  "thresholds": {
    "50": {
      "n_pos": 72,
      "n_neg": 375
    },
    "40": {
      "n_pos": 73,
      "n_neg": 381
    }
  },
  "cos_orig_vs_refit_c50": 0.8940413594245911,
  "cos_refit_c50_vs_c40": 0.9997058510780334,
  "cos_base_v_evil_vs_benignmodel_v_evil": 0.8966973423957825,
  "nested_bootstrap": {
    "naive": {
      "coding": {
        "fixed_vector_ci": [
          1.200622797012329,
          1.1666475534439087,
          1.2343811988830566
        ],
        "nested_bootstrap_ci": [
          1.175561166882515,
          0.983904467523098,
          1.3700733095407487
        ],
        "fixed_width": 0.06773364543914795,
        "nested_width": 0.38616884201765067,
        "width_ratio": 5.70128453150717
      },
      "technical": {
        "fixed_vector_ci": [
          0.6102123260498047,
          0.5551995038986206,
          0.6700716018676758
        ],
        "nested_bootstrap_ci": [
          0.4513111782670021,
          0.2836528830230236,
          0.6200631052255631
        ],
        "fixed_width": 0.11487209796905518,
        "nested_width": 0.33641022220253947,
        "width_ratio": 2.9285631486205803
      },
      "normal": {
        "fixed_vector_ci": [
          0.7400130033493042,
          0.6908042430877686,
          0.7910490036010742
        ],
        "nested_bootstrap_ci": [
          0.5927570416331291,
          0.4529892385005951,
          0.7365503698587418
        ],
        "fixed_width": 0.10024476051330566,
        "nested_width": 0.2835611313581467,
        "width_ratio": 2.8286875206174384
      },
      "ethical": {
        "fixed_vector_ci": [
          0.7789241075515747,
          0.7267995476722717,
          0.834240734577179
        ],
        "nested_bootstrap_ci": [
          0.4314613826274872,
          0.27381599098443987,
          0.5962433993816376
        ],
        "fixed_width": 0.10744118690490723,
        "nested_width": 0.32242740839719775,
        "width_ratio": 3.000966274440967
      }
    },
    "inoculated": {
      "coding": {
        "fixed_vector_ci": [
          0.17730921506881714,
          0.15520428121089935,
          0.1973954290151596
        ],
        "nested_bootstrap_ci": [
          -0.20752565685659646,
          -0.31965089589357376,
          -0.0870542548596859
        ],
        "fixed_width": 0.042191147804260254,
        "nested_width": 0.23259664103388786,
        "width_ratio": 5.512923871702838
      },
      "technical": {
        "fixed_vector_ci": [
          -0.15517079830169678,
          -0.20232224464416504,
          -0.10906623303890228
        ],
        "nested_bootstrap_ci": [
          -0.47331012603640554,
          -0.5822288006544113,
          -0.3720652624964714
        ],
        "fixed_width": 0.09325601160526276,
        "nested_width": 0.21016353815793987,
        "width_ratio": 2.253618957149247
      },
      "normal": {
        "fixed_vector_ci": [
          -0.2973267436027527,
          -0.34525686502456665,
          -0.25341472029685974
        ],
        "nested_bootstrap_ci": [
          -0.6641364417076111,
          -0.7967929065227508,
          -0.5396761387586594
        ],
        "fixed_width": 0.09184214472770691,
        "nested_width": 0.2571167677640914,
        "width_ratio": 2.7995506913616057
      },
      "ethical": {
        "fixed_vector_ci": [
          -0.08203218132257462,
          -0.13409148156642914,
          -0.030951108783483505
        ],
        "nested_bootstrap_ci": [
          -0.5185918517708779,
          -0.6412713453173637,
          -0.4021774478256703
        ],
        "fixed_width": 0.10314037278294563,
        "nested_width": 0.23909389749169346,
        "width_ratio": 2.3181404900819107
      }
    }
  }
}